NOME DO CANTO;NÚMERO;COMPOSITOR;CATEGORIA;TONALIDADE
PAI TE OLHAMOS;1;;TRINDADE;D
SANTO (SEARA);2;;SANTO;
AXÉ;3;;ENTRADA;
GLÓRIA E LOUVORES;4;;PALAVRA;
BENDITO ÉS TU (Pai do céu);5;;ENTRADA;
SE ALGUÉM ESTÁ EM CRISTO;6;;PERDÃO;
EU NÃO QUERO SER O MESMO;7;;PERDÃO;
RENOVA-ME;8;;PERDÃO;
É BOM CELEBRAR;9;;ENTRADA;
A TUA PALAVRA SENHOR;10;;PALAVRA;
DESPERTA;11;;ENTRADA;
RESSURREIÇÃO;12;;ENTRADA;
ALELUIA ESTE É O DIA;13;;ALELUIA;
RESSUSCITOU;14;;ENTRADA;
AGRADEÇO-TE SENHOR;15;;AGRADECIMENTO;
que bom te receber;16;;COMUNHÃO;
DEUS CHAMA A GENTE;17;;ENTRADA;
NÃO DÁ MAIS PRA VOLTAR;18;;AÇÃO DE GRAÇAS;
ALELUIA O SALVADOR;19;;ALELUIA;
IMACULADA;20;;MARIA;G
ALELUIA A MINH'ALMA;21;;ALELUIA;
EIS-ME AQUI SENHOR (envia-me);22;;ENTRADA, MISSÃO;
SENHOR SENHOR PIEDADE;23;;PERDÃO;
POR MELHOR QUE SEJA (SL 145);24;;SALMO;
OLHO EM TUDO;25;;AÇÃO DE GRAÇAS;
ALELUIA PASSARÃO OS CÉUS;26;;ALELUIA;
DEUS ENVIOU;27;;ENTRADA;
HOJE É TEMPO DE LOUVAR A DEUS;28;;ENTRADA;
PERDÃO SENHOR;29;;PERDÃO;
COM TEU AMOR (Eucaristia);30;;COMUNHÃO;
EIS QUE FAÇO NOVAS TODAS AS COISAS;31;;ENTRADA;
EU NAVEGAREI    ;32;;ESPÍRITO SANTO;
QUANDO HÁ FESTA;33;;ENTRADA;
EU TENHO OS MEUS PÉS NO CHÃO (SOU ESTRANGEIRO AQUI);34;Shalom;;
ESTRANGEIRO AQUI!;35;;FINAL;
ALELUIA VENHA E CANTE;36;;ALELUIA;
REI SENHOR;37;;LOUVOR;
DOCE É SENTIR;38;;AÇÃO DE GRAÇAS;
VAMOS CELEBRAR COM JÚBILO;39;;ENTRADA;
COMO É BOM E AGRADÁVEL (SL 133);40;;SALMO;
PAI NOS CRIASTE AMOR;41;;TRINDADE;C
AVE CHEIA DE GRAÇA (Ladainha);42;;MARIA;D
ESCUTA É A MORTE;43;;MISSÃO;
A SOMBRA VAI SE ABRINDO;44;;AÇÃO DE GRAÇAS;
JESUS RESSUSCITOU (Por sua morte);45;;REISUREÇÃO;
HOSANA AO NOSSO REI;46;;SANTO;
ALELUIA NO PRINCÍPIO;47;;ALELUIA;
SANTO (SANTO É);48;;SANTO;
SANTO QUEREMOS PROCLAMAR;49;;SANTO;
ANTES QUE TE FORMASSE;50;;ENTRADA, MISSÃO;Dm
DA PAZ;51;Taizé;REFRÕES;
O MESTRE (Ó Senhor faazei de mim);52;Spoladore;COMUNHÃO;
SENHOR QUE VIESTES;53;;PERDÃO;
ALLELUIA E RISORTO;54;;ALELUIA;
GRANDE É O SENHOR (SL 47);55;;SALMO;
NOITE E DIA;56;;OFERTÓRIO;
LOUVAI O NOME DE JESUS;57;;LOUVOR, ADORAÇÃO;
PALMAS PRA JESUS (Vamos cantar ao Senhor);58;;;
A TUA PALAVRA (Quando as forças se acabam);59;;;
MEU DEUS ESTÁ VIVO;60;;ANIMAÇÃO;E
SANTO (C. MEDAS);61;;SANTO;
MARAVILHOSO;62;;LOUVOR ADORAÇÃO, ADORAÇÃO;
PAI ESCUTA A NOSSA ORAÇÃO;63;;TRINDADE;D
GRANDES COISAS;64;;AÇÃO DE GRAÇAS;
POR ESSA PAZ;65;;COMUNHÃO;
SANTO (VILLAREGIA);66;;SANTO;
RIEMPICI DI TE;67;Spoladore;TRINDADE, PERDÃO;Bm
ESPÍRITO ENCHE A MINHA VIDA   ;68;;ESPÍRITO SANTO;
ALELUIA UM GRITO FORTE;69;;ALELUIA;
GLÓRIA A DEUS (A Ele seja a Glória - Gl. curto);70;;GLÓRIA;
SALVE SENHOR MESTRE DO AMOR    ;71;;QUARESMA;
SANTA MAIS QUE TUDO SANTA;72;;MARIA;G
QUEM É ESTA QUE AVANÇA;73;;MARIA;E
É COMO A CHUVA QUE LAVA;74;;PALAVRA;
AMAR-TE MAIS;75;;AÇÃO DE GRAÇAS, ADORAÇÃO;
VEM Ó ESPIRITO   ;76;;ESPÍRITO SANTO;
MARIA DE NAZARÉ;77;;MARIA;D
GLÓRIA (O povo de Deus reunido);78;;GLÓRIA;
A CORÇA (Assim como a corsa);79;;ESPÍRITO SANTO;
SE POR TI EU FUI CRIADO;80;;AÇÃO DE GRAÇAS;
ESPÍRITO DE DEUS DESCE SOBRE NÓS   (Funde-nos);81;;ESPÍRITO SANTO;
SENHOR TEM PIEDADE;82;;PERDÃO;
SENHOR EU ESTOU AQUI;83;;PERDÃO;
O CORPO QUE ERA DELE;84;;COMUNHÃO;
QUERO APRENDER;85;;AÇÃO DE GRAÇAS, MISSÃO;
UMA DENTRE TODAS;86;;MARIA;E
NA COMUNHÃO JESUS SE DÁ;87;;COMUNHÃO;
CANTE AO SENHOR;88;;PARA BÊNÇÃO, LOUVOR;
CONHEÇO UM CORAÇÃO;89;;PERDÃO;
SENHOR SE FUGIMOS DE VÓS;90;;PERDÃO;
SOBE À JERUSALÉM;91;;OFERTÓRIO;
NOSSO DEUS É SOBERANO;92;;LOUVOR;
GLÓRIA IN EXCELSIS;93;;PARA BÊNÇÃO, GLÓRIA, REFRÕES;
VOU TE OFERECER A VIDA;94;;OFERTÓRIO;
ESPÍRITO ESPÍRITO (Espíritu Santo de Deus - Vem controlar);95;;ESPÍRITO SANTO;
GUARDA A PALAVRA;96;;PALAVRA, REFRÕES;
QUANDO A IGREJA;97;;ENTRADA, GLÓRIA;
SALVE RAINHA;98;;MARIA;A
DESDE O NASCER AO PÔR-DO-SOL;99;;FINAL, LOUVOR;
OS JOVENS VÃO BUSCAR O AMOR DE DEUS;100;;ANIMAÇÃO;E
MESMO NA TEMPESTADE;101;;LOUVOR ADORAÇÃO, AÇÃO DE GRAÇAS;
LOUVOR E GLÓRIA A TI SENHOR (Refrão)    ;102;;QUARESMA;
EU CREIO NAS PROMESSAS DE DEUS;103;;;
ALELUIA GLÓRIA AO PAI;104;;ALELUIA;
ALLELUIA RESTA SEMPRE;105;;AÇÃO DE GRAÇAS;
O PÃO DO CÉU;106;;COMUNHÃO, AÇÃO DE GRAÇAS;
QUEM NÃO TE LOUVARÁ;107;;LOUVOR ADORAÇÃO;
GLÓRIA AO SENHOR (SL 2);108;;SALMO, GLÓRIA;
SIM, EU QUERO;109;;;
EU QUERO SER;110;;PERDÃO;
BATIZA-ME, SENHOR;111;;;
QUE SEJAM UM;112;;TRINDADE, REFRÕES;D
MÃE DO CÉU MORENA;113;;MARIA;A
NESTA PRECE SENHOR;114;;OFERTÓRIO;
HOSANA REI;115;;SANTO;
SANTO (SENHOR DA MINHA VIDA);116;;SANTO;
CUBRA-ME COM SEU MANTO;117;;MARIA;G
BUSCAI PRIMEIRO;118;;ALELUIA, PALAVRA;
ALELUIA COMO TU Ó PAI;119;;ALELUIA;
SÓ EM DEUS (SL 62);120;;SALMO, AÇÃO DE GRAÇAS;
VINDE Ó ESPIRITO SANTO    ;121;;ESPÍRITO SANTO;
SE UM DIA UM ANJO DECLAROU;122;;MARIA;E
DEIXA QUE O MUNDO SIGA;123;;AÇÃO DE GRAÇAS, MISSÃO;A
VENHO A TI;124;;ENTRADA;
TU ANSÉIAS;125;;ENTRADA;
TÃO PERTO DE MIM;126;;AÇÃO DE GRAÇAS, LOUVOR ADORAÇÃO;
JESUS;127;;LOUVOR ADORAÇÃO;
AO ÚNICO QUE É DIGNO;128;;AÇÃO DE GRAÇAS, LOUVOR ADORAÇÃO;
UMA COISA ESTOU SENTINDO;129;;AÇÃO DE GRAÇAS, LOUVOR ADORAÇÃO;
TU ÉS SOBERANO;130;;AÇÃO DE GRAÇAS, LOUVOR ADORAÇÃO;
O NOSSO REI (Glória a deus nas alturas);131;;REFRÕES;
O ESPÍRITO DE DEUS REPOUSA    ;132;;ESPÍRITO SANTO, GLÓRIA;
ESPÍRITO DE DEUS (Ez. 37,10)   ;133;;ESPÍRITO SANTO;
EU TE AGRADEÇO;134;;AÇÃO DE GRAÇAS;
GLÓRIA A JESUS (M. Valverde);135;;ADORAÇÃO, LOUVOR, ADORAÇÃO;
EU QUERO UM RIO DE ÁGUA VIVA (Existe um poço);136;;;
IDE PREGAI A PAZ;137;;ALELUIA;
A TI ELEVO;138;;OFERTÓRIO;
HOSANA REI, HOSANA RÁ;139;;;
EU CELEBRAREI;140;;;
A PAZ ESTEJA COM VOCÊ;141;;ABRAÇO DA PAZ;
SANTA VIRGEM DO SILÊNCIO;142;;MARIA;C
ELE QUER MUDAR TUA VIDA;143;;INTERCESSÃO;
SANTO (SPIRITUAL);144;;SANTO;
GLÓRIA E PODER;145;;LOUVOR ADORAÇÃO, REFRÕES;
QUERO MERGULHAR NAS PROFUNDEZAS;146;;;
ESPÍRITO DE DEUS VEM E FICA AQUI    ;147;;ESPÍRITO SANTO;
CRISTO QUERO SER INSTRUMENTO;148;;AÇÃO DE GRAÇAS;
VENHA OUVIR A PALAVRA;149;;PALAVRA;
MINH'ALMA ENGRANDECE (Magnificat tem enchido);150;;MARIA;D
JESUS JESUS EIS-ME AQUI;151;;OFERTÓRIO, INTERCESSÃO;
SE CALAREM A VOZ DOS PROFETAS;152;;COMUNHÃO, MISSÃO;
TU ÉS MINHA VIDA;153;;COMUNHÃO, AÇÃO DE GRAÇAS;
VEM EU MOSTRAREI;154;;AÇÃO DE GRAÇAS;
ESTOU AQUI;155;;;
DESCE CRIADOR AQUI   ;156;;ESPÍRITO SANTO;
TU MARIA;157;;MARIA;E
CRISTÃOS VINDE TODOS;158;;ENTRADA;
CELEBRAI COM JÚBILO (SL 99);159;;SALMO, LOUVOR, ANIMAÇÃO;D
AO LEVAR VINHO E PÃO;160;;OFERTÓRIO;
HÁ ALGUÉM;161;;AÇÃO DE GRAÇAS, LOUVOR ADORAÇÃO;
MARIA SIMPLESMENTE UM;162;;MARIA, ESPÍRITO SANTO;
SANGUE DERRAMA NESTE ALTAR;163;;AÇÃO DE GRAÇAS;
VEM ESPÍRITO SOZINHO EU NÃO POSSO    ;164;;ESPÍRITO SANTO;
CANTAMOS A TI;165;;AÇÃO DE GRAÇAS, TRINDADE;E
O SENHOR É SANTO;166;;;
NOITE FELIZ;167;;AÇÃO DE GRAÇAS;
DEUS QUERO LOUVAR-TE;168;;ANIMAÇÃO;G
Ó MINHA SENHORA;169;;MARIA;A
L’ANIMA MIA MAGNIFICA;170;;REFRÕES;
UMA NOITE DE SUOR;171;;OFERTÓRIO;
VEM MARIA VEM;172;;MARIA;Am
NOI CREDIAMO IN TE;173;;TRINDADE;C
MAJESTADE;174;;;
SANTO (DOS ANJOS);175;;SANTO;
EL ES EL REY;176;;FINAL, LOUVOR;
ALELUIA COMO O PAI ME AMOU;177;;ALELUIA;
LAUDATE OMNES GENTES;178;;AÇÃO DE GRAÇAS;
PELOS PRADOS (SL 23);179;;SALMO;
Ô Ô Ô CRISTO;180;;OFERTÓRIO;
QUERO DIZER MEU SIM;181;;OFERTÓRIO, MARIA;
TRINDADE OCEANO DE PAZ;182;;TRINDADE;G
VIVER A VIDA;183;;AÇÃO DE GRAÇAS;
O ESPÍRITO DO SENHOR    ;184;;ESPÍRITO SANTO;
MARIA SOMOS FILHOS TEUS;185;;MARIA;D
GLÓRIA GLÓRIA ALELUIA;186;;GLÓRIA;
SABES SENHOR  ;187;;OFERTÓRIO;
AO OLHAR A TUA CRUZ;188;;OFERTÓRIO;
MANTOS E PALMAS (Hosana hosana ao Rei);189;;;
MARIA MÃE DO UNIVERSO;190;;MARIA;G
MISTERO INFINITO D'AMORE;191;;TRINDADE;C
GLÓRIA (A Deus porque Ele vive - Gl. Seara);192;;GLÓRIA;
EM NOME DO PAI (Deus trino);193;;;
VEM VEM VEM ESPÍRITO SANTO;194;;ENTRADA, ANIMAÇÃO;G
ME CHAMASTE PARA CAMINHAR;195;;COMUNHÃO;
LODATE DIO;196;;LOUVOR ADORAÇÃO, REFRÕES;
SIMPLICIDADE;197;;OFERTÓRIO, AÇÃO DE GRAÇAS;
ALELUIA ALGUÉM DO POVO;198;;ALELUIA;
QUÃO BOM;199;;ABRAÇO DA PAZ;
GLÓRIA AO PAI CRIADOR;200;;GLÓRIA;
FICA EM MIM;201;;AÇÃO DE GRAÇAS;
ESPEREI CONFIANTEMENTE (SL 39);202;;SALMO;
CRISTO VIVE EM MIM;203;;;
DESCE SOBRE NÓS    ;204;;ESPÍRITO SANTO;
UM CORAÇÃO PARA AMAR;205;;OFERTÓRIO;
O SENHOR É REI;206;;ANIMAÇÃO, FINAL, LOUVOR;Em
MIRAD CUAL AMOR;207;;;
QUERO LOUVAR-TE;208;;LOUVOR, ANIMAÇÃO;
MAS MAS ALLÁ;209;;REFRÕES, MISSÃO;
MESTRE BOM É ESTARMOS AQUI;210;;ENTRADA;
SANTO ÉS SENHOR;211;;LOUVOR ADORAÇÃO, REFRÕES;
EU SEI QUE FOI PAGO;212;;AÇÃO DE GRAÇAS;
SANTO JMJ 2013;213;Padre Cleidimar;SANTO;
COM TEU AMOR (RnS);214;;AÇÃO DE GRAÇAS;
A TUA GRAÇA;215;;FINAL;
COMO É GRANDE (SL 30);216;;SALMO;
EU TENHO PAZ COMO UM RIO;217;;ABRAÇO DA PAZ;
COMO TU;218;;ADORAÇÃO;
GLORIFICA AO SENHOR (SL 103);219;;SALMO;
JESUS EM TUA PRESENÇA;220;;;
PÃO E VINHO;221;;OFERTÓRIO;
VEM ESPÍRITO DE DEUS    ;222;;ESPÍRITO SANTO;
ENCHE-ME ESPÍRITO    ;223;;ESPÍRITO SANTO;
COLUI CHE HA DATO TUTTO SE STESSO;224;Maria Assunta Cinus;FINAL, RESUREIÇÃO;
SENHOR SE TUA VOZ NÃO OUVI;225;;PERDÃO;
CONHECI UM MUNDO MAL (Foi assim);226;;;
TU TE ABEIRASTE DA PRAIA;227;;ENTRADA, COMUNHÃO;
ALELUIA QUANDO ESTAMOS UNIDOS;228;;ALELUIA;
NINGUÉM TE AMA COMO EU (Tenho esperado este momento);229;;COMUNHÃO;
EXALTAR-TE-EI;230;;LOUVOR;
FAZE DE MIM;231;;AÇÃO DE GRAÇAS;
ENSEMBLE LOUONS;232;;ANIMAÇÃO;E
REUNIDOS AQUI;233;;ENTRADA, ANIMAÇÃO;
SONDA-ME (Senhor eu sei que tu me sondas);234;;;
VIVA A MÃE DO CÉU E NOSSA;235;;MARIA;Dm
VEM ESPÍRITO SANTO (Preenche a minha vida)    ;236;;ESPÍRITO SANTO;
ALELUIA -VERBUS PANIS;237;;ALELUIA;
TU ERES DIOS;238;;ADORAÇÃO;
NÃO DESISTAS AGORA;239;;AÇÃO DE GRAÇAS;
VEM ESPÍRITO SANTO (Sequência)   ;240;;ESPÍRITO SANTO;
RUAH;241;;REFRÕES;
AS COISAS QUE O MUNDO OFERECIA;242;;OFERTÓRIO;
OH PORQUE DUVIDAR;243;;ANIMAÇÃO;E
HOSANA AO ALTÍSSIMO;244;;LOUVOR, BÊNÇÃO;
ÉS MEU REFÚGIO;245;;ADORAÇÃO, INTERCESSÃO;
VIM PARA ADORAR-TE;246;;ADORAÇÃO, LOUVOR, ADORAÇÃO, TRINDADE;
QUANDO OLHO TUA SANTIDADE;247;;AÇÃO DE GRAÇAS, LOUVOR, ADORAÇÃO;
SENHOR EU SEI QUE É TEU;248;;AÇÃO DE GRAÇAS, INTERCESSÃO;
VAMOS CANTAR CANTAR NA PAZ;249;;ABRAÇO DA PAZ;
WAWERO ALLELUYA;250;;;
LOUVADO SEJA;251;;LOUVOR;
LOUVADO SEJA;251;;ANIMAÇÃO;
FORMOSO ES TU;252;;ADORAÇÃO;
ANTES DA MORTE;253;;COMUNHÃO;
TE AGRADEÇO Ó SENHOR (SL 56);254;;AÇÃO DE GRAÇAS;
O UNIVERSO CANTA TI;254;;ADORAÇÃO;
MINHA ORAÇÃO;255;;INTERCESSÃO;
GLÓRIA (A Deus no alto dos céus);256;;GLÓRIA;
FIZESTE-O POUCO MENOS (SL 8);257;;SALMO;
FIZESTE-O POUCO MENOS (SL 8);257;;REFRÕES;
ESPÍRITO DE DEUS VEM SOBRE NÓS    ;258;;ESPÍRITO SANTO;
TODOS LE QUIEREN CANTAR;259;;ANIMAÇÃO;G
ORAÇÃO DA FAMÍLIA (Que nenhuma família);260;;;
É TEU ESTE MOMENTO;261;;LOUVOR ADORAÇÃO;
VENHO SENHOR TE RECEBER AGORA;262;;COMUNHÃO;
QUERO TE DAR A PAZ;263;;ABRAÇO DA PAZ;
A TI O LOUVOR;264;;LOUVOR ADORAÇÃO;
A ELE A GLÓRIA;265;;ADORAÇÃO;
A ELE A GLÓRIA;265;;LOUVOR ADORAÇÃO;
VINDE CRISTÃOS;266;;GLÓRIA;
GLÓRIA VINDE CRISTÃOS  - só refrão;266;;PARA BÊNÇÃO;
MARIA LIBERTADORA (Olha por este povo);267;;MARIA;
APERTE A MINHA MÃO;268;;ABRAÇO DA PAZ;
MEU CORAÇÃO É PARA TI;269;;OFERTÓRIO;
FALA SENHOR;270;;PALAVRA;
FALA SENHOR    ;270;;QUARESMA;
LOUVAMOS-TE Ó PAI AMIGO;271;;TRINDADE;D
VAMOS VAMOS VIVER;272;;ABRAÇO DA PAZ;
RENDEI GRAÇAS;273;;AÇÃO DE GRAÇAS;
RENDEI GRAÇAS;273;;ADORAÇÃO;
RENDEI GRAÇAS;273;;LOUVOR ADORAÇÃO;
MARIA MÃE DO FILHO DE DEUS;274;;MARIA;C
VIDA EXTRAORDINÁRIA (Como viver Senhor esta vida);275;;;
OLHA-ME SENHOR;276;;AÇÃO DE GRAÇAS;
OLHA-ME SENHOR;276;;INTERCESSÃO;
OLHA-ME SENHOR;276;;TRINDADE;C
OFERTAR NOSSA VIDA QUEREMOS;277;;OFERTÓRIO;
SANTO (DE TODOS OS SANTOS - S. Libertador);278;;SANTO;
VEM SENHOR ENCHER ESTE LUGAR;279;;ANIMAÇÃO;
SENHOR É BOM ESTAR AQUI;280;;ENTRADA;
EU VIM DE LONGE;281;;ANIMAÇÃO;C
VAI FALAR NO EVANGELHO;282;;PALAVRA;
SANTO (SANTO É O SENHOR);283;;SANTO;
SAIA DE CIMA DO MURO;284;;ANIMAÇÃO;
A MINHA VIDA É DO MESTRE ;285;;AÇÃO DE GRAÇAS;
A MINHA VIDA É DO MESTRE ;285;;ADORAÇÃO;
EU SOU O QUE SOU;286;;AÇÃO DE GRAÇAS;
EU SOU O QUE SOU;286;;INTERCESSÃO;
EU QUERO ESTAR EM TUAS MÃOS Ó PAI;288;;ANIMAÇÃO;C
GLÓRIA A DEUS NAS ALTURAS (Gl. dos pobres);289;;GLÓRIA;
HASHIVENU;290;;REFRÕES;
QUE BOM SENHOR;291;;COMUNHÃO;
LÓUVOR DAS CRIATURAS (Obras do Senhor);292;;SALMO;
SOB A SOMBRA;293;;AÇÃO DE GRAÇAS;
SOB A SOMBRA;293;;ADORAÇÃO;
SOB A SOMBRA;293;;LOUVOR ADORAÇÃO;
GLORIFICAI A DEUS;294;;OFERTÓRIO;
GLORIFICAI A DEUS;294;;LOUVOR;
GLORIFICAI A DEUS;294;;PARA BÊNÇÃO;
GLÓRIA A DEUS NAS ALTURAS (Bendita luz);295;;GLÓRIA;
DIOS DIOS MIO (SL 62);296;;SALMO;
PROCLAMAI (SL 96);297;;SALMO;
PROCLAMAI (SL 96);297;;AÇÃO DE GRAÇAS;
TE ADORO;298;;AÇÃO DE GRAÇAS;
TE ADORO;298;;ADORAÇÃO;
TE ADORO;298;;LOUVOR ADORAÇÃO;
ONIPOTENTE;299;;INTERCESSÃO;
ALELUYA LOS CIELOS;300;;ALELUIA;
ALELUYA LOS CIELOS;300;;;
SEÑOR TEN PIEDAD DE NUESTRAS VIDAS;301;;PERDÃO;
SEÑOR TEN PIEDAD DE NUESTRAS VIDAS;301;;;
SENHOR TOMA MINHA VIDA NUEVA;302;;OFERTÓRIO;
SENHOR TOMA MINHA VIDA NUEVA;302;;ADORAÇÃO;
SENHOR TOMA MINHA VIDA NUEVA;302;;MISSÃO;G
SENHOR TOMA MINHA VIDA NUEVA;302;;;
HOY ME SIENTO FELIZ;303;;;
EXULTAI EM DEUS (ESULTATE IN DIO);304;;FINAL;
ESULTATE IN DIO;304;;AGRADECIMENTO;
EXULTAI EM DEUS;304;;;
LOAD AL SEÑOR (SL 117 );305;;SALMO;
LOAD AL SEÑOR (SL 117 );305;;LOUVOR;
LOAD AL SEÑOR (SL 117 );305;;AGRADECIMENTO;
LOAD AL SEÑOR (SL 117 );305;;REFRÕES;
LOAD AL SEÑOR (SL 117 );305;;;
RENDEI A YAHWEH;306;;FINAL;
RENDEI A YAHWEH;306;;LOUVOR;
RENDEI A YAHWEH;306;;;
SEI QUE O SEU CORACÃO;307;;AÇÃO DE GRAÇAS;
SEI QUE O SEU CORACÃO;307;;;
ES MI NOVIA LA ESPERANZA;308;;;
COME TU SEI IN ME;309;;TRINDADE;E
COME TU SEI IN ME;309;;;
NZAMBE EE YAMBA;310;;OFERTÓRIO;
NZAMBE EE YAMBA;310;;;
BWANA BWANA;311;;PERDÃO;
BWANA BWANA;311;;;
DIGNO DE LOUVOR;312;;ADORAÇÃO;
DIGNO DE LOUVOR;312;;LOUVOR ADORAÇÃO;
DIGNO DE LOUVOR;312;;;
SI EN TU INTERIOR PERCIBES;313;;ADORAÇÃO;
SI EN TU INTERIOR PERCIBES;313;;MISSÃO;G
SI EN TU INTERIOR PERCIBES;313;;;
TE OFRECEMOS ESTE NUEVO DÍA;314;;OFERTÓRIO;
TE OFRECEMOS ESTE NUEVO DÍA;314;;;
VICTOIRE ALLELUIA;315;;;
ABENÇOA SENHOR (toda a nossa vida);316;;PARA BÊNÇÃO;
ABENÇOA SENHOR (toda a nossa vida);316;;;
SI TU VEUX LA PAX;317;;;
ELE VEIO PRA NOS DAR (A ELE A GLÓRIA);318;;ADORAÇÃO;
ELE VEIO PRA NOS DAR A SALVAÇÃO;318;;;
SOIS LA SEMILLA (Id, amigos);319;;MISSÃO;D
REGINA CAELI;319;;;
EU TE LOUVAREI (de todo o coração);320;;ADORAÇÃO;
EU TE LOUVAREI (de todo o coração);320;;LOUVOR ADORAÇÃO;
EU TE LOUVAREI (de todo o coração);320;;;
SEI TU SIGNORE;321;;;
ALELUIA VIVE O NOSSO REI;322;;ALELUIA;
ALELUIA VIVE O NOSSO REI;322;;LOUVOR;
ALELUIA VIVE O NOSSO REI;322;;;
CELEBRAI A CRISTO CELEBRAI;323;;;
DIO CI HAI DONATO MARIA;324;;MARIA;D
DIO CI HAI DONATO MARIA;324;;;
TU CHE ABITI AL RIPARO (SL 90);325;;SALMO;
TU CHE ABITI AL RIPARO (SL 90);325;;;
DIOS EUCARISTÍA;326;;COMUNHÃO;
DIOS EUCARISTÍA;326;;AÇÃO DE GRAÇAS;
DIOS EUCARISTÍA;326;;;
MANDAI O VOSSO ESPÍRITO    ;327;;ESPÍRITO SANTO;
MANDAI O VOSSO ESPÍRITO;327;;;
BENEDIRÒ (RnS);328;;FINAL;
BENEDIRÒ (RnS);328;;FESTA;
BENEDIRÒ (RnS);328;;AGRADECIMENTO;
BENEDIRÒ (RnS);328;RnS;;
SÍ SEÑOR;329;;FESTA;
SÍ SEÑOR;329;;REFRÕES;
SÍ SEÑOR;329;;;
 APOS TE RECONHECER;330;;OFERTÓRIO;
APÓS TE RECONHECER;330;;;
EN EL CIELO SE OYE;331;;;
GLÓRIAS AO PAI;332;;GLÓRIA;
GLÓRIAS AO PAI;332;;;
NOI TI SALUTIAMO MARIA;333;;;
ADORAMUS TE DOMINE;334;;ADORAÇÃO;
ADORAMUS TE DOMINE;334;;REFRÕES;
ADORAMUS TE DOMINE;334;;;
PEQUEÑO;335;;ADORAÇÃO;
PEQUEÑO;335;;LOUVOR ADORAÇÃO;
PEQUEÑO;335;;;
VENI CREATOR SPIRITUS    ;336;;ESPÍRITO SANTO;
VENI CREATOR SPIRITUS;336;;;
JÁ NÃO SOU EU QUE VIVO;337;;AÇÃO DE GRAÇAS;
JÁ NÃO SOU EU QUE VIVO;337;;;
TODA LA CASA DE ISRAEL;338;;AGRADECIMENTO;
TODA LA CASA DE ISRAEL;338;;ANIMAÇÃO;Em
TODA LA CASA DE ISRAEL;338;;;
UBI CARITAS;339;;REFRÕES;
UBI CARITAS;339;;;
TU MISERICORDIA;340;;;
DEUS ESTÁ AQUI NESTE MOMENTO;341;;AÇÃO DE GRAÇAS;
DEUS ESTÁ AQUI NESTE MOMENTO;341;;;
NO YA NO PUEDO SER;342;;MISSÃO;Am
NO YA NO PUEDO SER;342;;;
TUYA ES;343;;;
TUA PALAVRA E LÂMPADA;344;;PALAVRA;
TUA PALAVRA E LÂMPADA;344;;REFRÕES;
TUA PALAVRA E LÂMPADA;344;;;
ASE DA;345;;;
PADRE NOSTRO SIAMO QUI;346;;;
BOUTON BE'LE;347;;ANIMAÇÃO;
BOUTON BE'LE;347;;;
YO SOY TU VASO SEÑOR;348;;;
BENISSEZ LE SEIGNEUR;349;;ENTRADA;
BENISSEZ LE SEIGNEUR;349;;AÇÃO DE GRAÇAS;
BENISSEZ LE SEIGNEUR;349;;LOUVOR ADORAÇÃO;
BENISSEZ LE SEIGNEUR;349;;;
GLÓRIA AO PAI (Glória Peru);350;;TRINDADE;E
GLÓRIA AO PAI (Glória Peru);350;;;
TU ES LE ROI DE GLOIRE;351;;FINAL;
TU ES LE ROI DE GLOIRE;351;;FESTA;
TU ES LE ROI DE GLOIRE;351;;REFRÕES;
TU ES LE ROI DE GLOIRE;351;;;
MEU SENHOR E MEU DEUS;352;;;
CANTICO CELESTE;353;;ENTRADA;
CANTICO CELESTE;353;;;
NA TUA PRESENÇA ;354;;OFERTÓRIO;
NA TUA PRESENÇA;354;;;
LAUDATE DOMINUM;355;;;
TODOS OS POVOS A DEUS ACLAMAI;356;;;
MADRE (Junto a ti Maria);357;;MARIA;D
MADRE (Junto a ti Maria);357;;;
EH MFUMU;358;;OFERTÓRIO;
EH MFUMU;358;;;
JUBILATE DEO;359;;;
CRISTO VIVE (tu me doaste);360;;LOUVOR;
CRISTO VIVE (tu me doaste);360;;;
MAGNIFICAT ANIMA MEA;361;;;
SE ACONTECER UM BARULHO;362;;;
CONFIANCE DU COEUR;363;;;
MARIA MÃE DE TERNURA;364;;MARIA;E
MARIA MÃE DE TERNURA;364;;;
CADA VEZ QUE COMEMOS DESTE PÃO;365;;;
ALELUIA HOJE SE CUMPRE;366;;ALELUIA;
ALELUIA HOJE SE CUMPRE;366;;;
DIANTE DE TI (Deus Poderoso);367;;ADORAÇÃO;
DIANTE DE TI (Deus Poderoso);367;;;
MERCI SEIGNEUR;368;;AÇÃO DE GRAÇAS;
MERCI SEIGNEUR;368;;AGRADECIMENTO;
MERCI SEIGNEUR;368;;REFRÕES;
MERCI SEIGNEUR;368;;;
O AMOR NASCEU;369;;;
DOM DA VIDA;370;;;
 SENHOR, AQUI ESTAMOS;371;;INTERCESSÃO;
ESCUTA TEU POVO;371;;;
SI TUVIERAS FE;372;;ANIMAÇÃO;Am
SI TUVIERAS FE;372;;;
SENHOR QUERO TE PEDIR PERDÃO;373;;PERDÃO;
SENHOR QUERO TE PEDIR PERDÃO;373;;;
ALELUIA LOUVAI A DEUS (SL 150);374;;ALELUIA;
ALELUIA LOUVAI A DEUS (SL 150);374;;;
EIS-ME AQUI SENHOR (venho a ti);375;;AÇÃO DE GRAÇAS;
EIS-ME AQUI SENHOR (venho a ti);375;;MISSÃO;
EIS-ME AQUI SENHOR (venho a ti);375;;;
QUANTO EU ESPEREI;376;;;
SANTO É O SENHOR;377;;SANTO;
SANTO É O SENHOR;377;;;
SIAMO UN CANTO A PIÚ VOCI;378;;ANIMAÇÃO;G
SIAMO UN CANTO A PIÚ VOCI;378;;;
REINA SENHOR;379;;;
SIGNORE GESÚ CRISTO;380;;;
GIOIA (CMV);381;;;
JESUS CONFIO EM TI;382;;OFERTÓRIO;
JESUS CONFIO EM TI;382;;INTERCESSÃO;
JESUS CONFIO EM TI;382;;;
SEJA BEM VINDO;383;;;
ESPÍRITO DE DEUS PREENCHE-ME    ;384;;ESPÍRITO SANTO;
ESPÍRITO DE DEUS PREENCHE-ME;384;;;
MEU CORAÇÃO BATE;385;;ANIMAÇÃO;E
MEU CORAÇÃO BATE;385;;;
HEME AQUI;386;;OFERTÓRIO;
HEME AQUI;386;;MISSÃO;F
HEME AQUI;386;;;
A ALEGRIA;387;;ANIMAÇÃO;
A ALEGRIA;387;;;
SENHOR QUEM ENTRARÁ;388;;;
A BÍBLIA É A PALAVRA DE DEUS;389;;PALAVRA;
A BÍBLIA É A PALAVRA DE DEUS;389;;;
SENHOR JESUS LEMBRA-TE DE MIM  ;390;;QUARESMA;
SENHOR JESUS LEMBRA-TE DE MIM;390;;;
ESTE GOZO;391;;ANIMAÇÃO;E
ESTE GOZO;391;;;
NO MISTÉRIO;392;;COMUNHÃO;
CORDEIRO DE DEUS (Amor e Adoração);392;;;
CANTERÒ SENZA FINE;393;;AÇÃO DE GRAÇAS;
CANTERÒ SENZA FINE;393;;FESTA;
CANTERÒ SENZA FINE;393;;AGRADECIMENTO;
CANTERÒ SENZA FINE;393;;REFRÕES;
CANTERÒ SENZA FINE;393;;;
EU TE BUSCO;394;;ENTRADA;
EU TE BUSCO;394;;LOUVOR;
EU TE BUSCO;394;;ANIMAÇÃO;F
EU TE BUSCO;394;;;
VEM VEM LOUVAR;395;;ENTRADA;
VEM VEM LOUVAR;395;;ANIMAÇÃO;
VEM VEM LOUVAR;395;;;
NOSSOS SONHOS;396;;OFERTÓRIO;
NOSSOS SONHOS;396;;;
A PALAVRA DE DEUS VAI CHEGANDO;397;;PALAVRA;
A PALAVRA DE DEUS VAI CHEGANDO;397;;;
PAZ PAZ DE CRISTO;398;;ABRAÇO DA PAZ;
PAZ PAZ DE CRISTO;398;;;
TÃO SUBLIME;399;;ADORAÇÃO;
TÃO SUBLIME;399;;;
QUEM NOS SEPARARÁ;400;;AÇÃO DE GRAÇAS;
QUEM NOS SEPARARÁ;400;;;
DEUS NOS AMA;401;;ANIMAÇÃO;
DEUS NOS AMA;401;;;
VAMOS JESUS PASSEAR;402;;;
JESUS CHRIST YOU ARE MY LIFE;403;;ADORAÇÃO;
JESUS CHRIST YOU ARE MY LIFE;403;;LOUVOR ADORAÇÃO;
JESUS CHRIST YOU ARE MY LIFE;403;;;
HOJE O MUNDO OFERECE;404;;ANIMAÇÃO;
HOJE O MUNDO OFERECE;404;;;
LOUVOR A VÓS Ó CRISTO   ;405;;QUARESMA;
LOUVOR A VÓS Ó CRISTO;405;;;
SOU BOM PASTOR;406;;AÇÃO DE GRAÇAS;
SOU BOM PASTOR;406;;;
SEU NOME É JESUS CRISTO;407;;MISSÃO;
SEU NOME É JESUS CRISTO;407;;;
MEU CORAÇÃO TRANSBORDA DE AMOR;408;;ALELUIA;
MEU CORAÇÃO TRANSBORDA DE AMOR;408;;;
Ó VEM SENHOR;409;;;
VEM AMIGO VEM;410;;ANIMAÇÃO;
VEM AMIGO VEM;410;;;
FALA QUE SEU SERVO ESCUTA;411;;REFRÕES;
FALA QUE SEU SERVO ESCUTA;411;;;
OBRIGADO SENHOR (Porque és);412;;AGRADECIMENTO;
OBRIGADO SENHOR (Porque és);412;;;
AMÉRICA SAI DA TUA TERRA;413;;ENTRADA;
AMÉRICA SAI DA TUA TERRA;413;;MISSÃO;
AMÉRICA SAI DA TUA TERRA;413;;;
SALVE Ó CRISTO    ;414;;QUARESMA;
SALVE Ó CRISTO;414;;;
PAI NOSSO  (PE. MARCELO);415;;PAI NOSSO;
PAI NOSSO  (PE. MARCELO);415;;;
MINH'ALMA ENGRANDECE (Magnificat GEN);416;;MARIA;C
MINH'ALMA ENGRANDECE (Magnificat GEN);416;;;
QUEREMOS CANTAR TEU LOUVORES;417;;LOUVOR;
QUEREMOS CANTAR TEU LOUVORES;417;;AGRADECIMENTO;
QUEREMOS CANTAR TEU LOUVORES;417;;;
AVE ESTRELA DO MAR;418;;MARIA;A
AVE ESTRELA DO MAR;418;;;
VITÓRIA;419;;;
JUBILATE COELI;420;;;
JUBILAI Ó CÉU;421;;ANIMAÇÃO;D
JUBILAI Ó CÉU;421;;;
GLÓRIA A JESUS NA HÓSTIA SANTA;422;;ADORAÇÃO;
GLÓRIA A JESUS NA HÓSTIA SANTA;422;;;
ALELUIA (Com. Shalom);423;Comunidade Shalom;;
MI MANO ESTA LLENA;424;;;
WAYAYAY;425;;;
HOY SEÑOR;426;;FESTA;
HOY SEÑOR;426;;AGRADECIMENTO;
HOY SEÑOR;426;;;
DE LONGE EU VIM;427;;;
O DIO TU SEI IL MIO DIO (SL 62);428;;SALMO;
O DIO TU SEI IL MIO DIO (SL 62);428;;AÇÃO DE GRAÇAS;
O DIO TU SEI IL MIO DIO (SL 62);428;;;
QUEM É ESSE;429;;ADORAÇÃO;
QUEM É ESSE;429;;LOUVOR ADORAÇÃO;
QUEM É ESSE;429;;;
ÉS MAIS FORMOSA E BELA;430;;MARIA;D
ÉS MAIS FORMOSA E BELA;430;;;
NÓS TE PEDIMOS;431;;INTERCESSÃO;
NÓS TE PEDIMOS;431;;;
SEÑOR VENIMOS ANTE TI;432;;PERDÃO;
SEÑOR VENIMOS ANTE TI;432;;;
FICO FELIZ;433;;ANIMAÇÃO;
FICO FELIZ;433;;;
VIVER SEM TI MEU DEUS;434;;ENTRADA;
VIVER SEM TI MEU DEUS;434;;AÇÃO DE GRAÇAS;
VIVER SEM TI MEU DEUS;434;;;
QUEREMOS QUE CRISTO CREZCA;435;;ANIMAÇÃO;
QUEREMOS QUE CRISTO CREZCA;435;;;
DAMOS GRAÇAS;436;;AÇÃO DE GRAÇAS;
DAMOS GRAÇAS;436;;AGRADECIMENTO;
DAMOS GRAÇAS;436;;REFRÕES;
DAMOS GRAÇAS;436;;;
FESTA FESTA;437;;ANIMAÇÃO;C
FESTA FESTA;437;;;
ALEGRAI-VOS SEMPRE NO SENHOR;438;;ENTRADA;
ALEGRAI-VOS SEMPRE NO SENHOR;438;;ANIMAÇÃO;
ALEGRAI-VOS SEMPRE NO SENHOR;438;;;
AMÉM GLÓRIA AO SENHOR;439;;AMÉM;
AMÉM GLÓRIA AO SENHOR;439;;;
TOCA SENHOR;440;;INTERCESSÃO;
TOCA SENHOR;440;;;
HAY UNA PROMESSA;441;;ANIMAÇÃO;C
HAY UNA PROMESSA;441;;;
ACCLAMATE AL SIGNORE;442;;LOUVOR;
ACCLAMATE AL SIGNORE;442;;;
SU QUESTO ALTARE;443;;OFERTÓRIO;
SU QUESTO ALTARE;443;;;
PAI TE PEDIMOS;444;;REFRÕES;
PAI TE PEDIMOS;444;;;
HONNEUR A JESUS CHRIST;445;;LOUVOR ADORAÇÃO;
HONNEUR A JESUS CHRIST;445;;;
CHRIST TU EST LUMIERE;446;;FINAL;
CHRIST TU EST LUMIERE;446;;LOUVOR;
CHRIST TU EST LUMIERE;446;;;
QUIERO DECIRTE PADRE;447;;;
O DEUS QUE ME CRIOU;448;;ENTRADA;
O DEUS QUE ME CRIOU;448;;;
HEVENU SHALOM;449;;;
AQUI VEMOS PARA TE LOUVAR;450;;ADORAÇÃO;
AQUI VEMOS PARA TE LOUVAR;450;;LOUVOR ADORAÇÃO;
AQUI VEMOS PARA TE LOUVAR;450;;;
BENDITO LOUVADO SEJA;451;;ADORAÇÃO;
BENDITO LOUVADO SEJA;451;;LOUVOR ADORAÇÃO;
BENDITO LOUVADO SEJA;451;;;
GRACIAS, SEÑOR;452;;FINAL;
GRACIAS SEÑOR;452;;;
MISERÍCÓRDIA (Senhor escuta o lamento);453;;PERDÃO;
MISERÍCÓRDIA (Senhor escuta o lamento);453;;;
MEU SENHOR MEU SENHOR;454;;OFERTÓRIO;
MEU SENHOR MEU SENHOR;454;;;
padre;455;;AÇÃO DE GRAÇAS;
PADRE;455;;;
TU QUE VIVES COMIGO;456;;;
ALLELUIA EH;457;;ALELUIA;
ALLELUIA EH;457;;;
CANTEMOS HOJE A VIDA;458;;ENTRADA;
CANTEMOS HOJE A VIDA;458;;;
ALLELUIA LE SEIGNEUR;459;;ALELUIA;
ALLELUIA LE SEIGNEUR;459;;;
DIOS TE SALVE MARIA;460;;;
É PACIENTE O AMOR;461;;;
CONSOLAR-VOS-EI;462;;ENTRADA;
CONSOLAR-VOS-EI  ;462;;QUARESMA;
CONSOLAR-VOS-EI;462;;;
ESPÍRITO SANTO VEM DOS 4 VENTOS    ;463;;ESPÍRITO SANTO;
ESPÍRITO SANTO VEM DOS 4 VENTOS;463;;;
ZAENI;464;;OFERTÓRIO;
ZAENI;464;;;
NADA TE TURBE;465;;AÇÃO DE GRAÇAS;
NADA TE TURBE;465;;REFRÕES;
NADA TE TURBE;465;;;
AVE MARIA (GEN);466;;MARIA;C
AVE MARIA (GEN);466;GEN;;
PADRE NOSTRO (GEN VERDE);467;;PAI NOSSO;
PADRE NOSTRO GEN VERDE);467;;;
GRATIDÃO;468;;AÇÃO DE GRAÇAS;
EU ENCONTREI UM AMOR PERFEITO;468;;;
GLÓRIA AL SENÕR;469;;GLÓRIA;
GLÓRIA AL SENÕR;469;;;
O POVO DE DEUS;470;;ENTRADA;
O POVO DE DEUS;470;;;
TU QUE SIEMPRE;471;;;
UMA TIERRA QUE NÃO TEM FRONTEIRAS;472;;MISSÃO;
UMA TIERRA QUE NÃO TEM FRONTEIRAS;472;;;
ÉS O DEUS DO MEU LOUVOR;473;;LOUVOR;
ÉS O DEUS DO MEU LOUVOR;473;;AGRADECIMENTO;
ÉS O DEUS DO MEU LOUVOR;473;;;
CANTAREI AO SENHOR;474;;LOUVOR;
CANTAREI AO SENHOR;474;;;
TODO HOMEM SIMPLES;475;;;
QUEM PODERÁ;476;;PERDÃO;
QUEM PODERÁ;476;;;
VIEMOS A TI ENTREGAR;477;;INTERCESSÃO;
VIEMOS A TI ENTREGAR;477;;;
JESUS CRISTO;478;;;
DÊ UM SORRISO;479;;ABRAÇO DA PAZ;
DÊ UM SORRISO;479;;LOUVOR;
DÊ UM SORRISO;479;;;
PELAS ESTRADAS DA VIDA;480;;;
QUANTOS RAPAZES;481;;ANIMAÇÃO;
QUANTOS RAPAZES;481;;;
NAQUELE DIA;482;;MARIA;
NAQUELE DIA;482;;;
QUERO VER VOCÊ NÃO CHORAR;483;;;
SUBA A TI SENHOR;484;;;
POR UM MUNDO UNIDO;485;;;
SOU O TEU DEUS;486;;AÇÃO DE GRAÇAS;
SOU O TEU DEUS;486;;INTERCESSÃO;
SOU O TEU DEUS;486;;;
O SENHOR TE ABENÇOE E TE GUARDE;487;;;
DEJAME OIR TU VOZ;487;;;
DE TODAS AS TRIBOS;488;;ENTRADA;
DE TODAS AS TRIBOS;488;;MISSÃO;
DE TODAS AS TRIBOS;488;;;
É O SENHOR;489;;LOUVOR ADORAÇÃO;
É O SENHOR;489;;REFRÕES;
É O SENHOR;489;;;
NOS ENCONTRAMOS PARA CELEBRARMOS;490;;ENTRADA;
NOS ENCONTRAMOS PARA CELEBRARMOS;490;;TRINDADE;
NOS ENCONTRAMOS PARA CELEBRARMOS;490;;ANIMAÇÃO;
NOS ENCONTRAMOS PARA CELEBRARMOS;490;;;
SE ME SUBE À LA CABEZA;491;;ANIMAÇÃO;F#  G
SE ME SUBE À LA CABEZA;491;;;
ÉS VIRGEM MARIA;492;;MARIA;E
ÉS VIRGEM MARIA;492;;;
ÉS VIRGEM MARIA;493;;MARIA;
LADAINHA DOS SANTOS;493;;;
MISERICORDIAS DOMINI;494;;;
DANZA MI PAIS;495;;;
PAI NOSSO GRITAMOS O TEU NOME;496;;PAI NOSSO;
PAI NOSSO GRITAMOS O TEU NOME;496;;;
NADA QUE NOS PRENDA;497;;AÇÃO DE GRAÇAS;
NADA QUE NOS PRENDA;497;;;
DEBULHAR O TRIGO;498;;OFERTÓRIO;
DEBULHAR O TRIGO;498;;;
NOVO AMANHÃ;499;;MISSÃO;
NOVO AMANHÃ;499;;;
SE AVESSI MAI COMMESSO;500;;PERDÃO;
SE AVESSI MAI COMMESSO;500;;;
HOJE A NOITE É BELA;501;;;
SEJA O CENTRO;502;;AÇÃO DE GRAÇAS;
SEJA O CENTRO;502;;ADORAÇÃO;
SEJA O CENTRO;502;;;
VIVE JESUS EL SEÑOR;503;;;
LOUVA POVO DE DEUS;504;;LOUVOR;
LOUVA POVO DE DEUS;504;;;
CRISTO É MINHA VIDA;505;;;
ESTE É UM TEMPO DE FESTA;506;;ANIMAÇÃO;
ESTE É UM TEMPO DE FESTA;506;;;
BATIZA-ME (pois minha alma);507;;;
EU TE LOUVAREI (na presença dos anjos);508;;ADORAÇÃO;
EU TE LOUVAREI (na presença dos anjos);508;;LOUVOR ADORAÇÃO;
EU TE LOUVAREI (na presença dos anjos);508;;;
O MFUMU BAKA MONO;509;;;
FOI NUM SANTO LUGAR;510;;AÇÃO DE GRAÇAS;
FOI NUM SANTO LUGAR;510;;AGRADECIMENTO;
FOI NUM SANTO LUGAR;510;;;
VEM VEM MARIA;511;;MARIA;Am
VEM VEM MARIA;511;;;
UNAMOS NOSSAS MÃOS;512;;;
Una luce che rischiara;513;;AÇÃO DE GRAÇAS;
UNA LUCE CHE RISCHIARA;513;;;
VEM SENHOR VEM MARANATHÁ (P. Comi);514;;;
PROSTAMO-NOS;515;;;
GLÓRIA E LOUVOR (P. Spoladore);516;;LOUVOR;
GLÓRIA E LOUVOR (P. Spoladore)   ;516;;QUARESMA;
GLÓRIA E LOUVOR (P. Spoladore);516;;;
MINHA FORÇA E MEU CANTO;517;;SALMO;
MINHA FORÇA E MEU CANTO;517;;FINAL;
MINHA FORÇA E MEU CANTO;517;;LOUVOR;
MINHA FORÇA E MEU CANTO;517;;INTERCESSÃO;
MINHA FORÇA E MEU CANTO;517;;AGRADECIMENTO;
MINHA FORÇA E MEU CANTO;517;;;
TU SEI RE;518;;AÇÃO DE GRAÇAS;
TU SEI RE;518;;ADORAÇÃO;
TU SEI RE;518;;LOUVOR ADORAÇÃO;
TU SEI RE;518;;;
ESPÍRITO DE DIOS LLENA MI VIDA    ;519;;ESPÍRITO SANTO;
ESPÍRITO DE DIOS LLENA MI VIDA;519;;;
A QUEM ESTÁ NA ANGUSTIA;520;;INTERCESSÃO;
A QUEM ESTÁ NA ANGUSTIA;520;;;
ESCUTA O PAI O CLAMOR;521;;;
PERQUE TU SEI QUI;522;;ANIMAÇÃO;
PERCHÉ TU SEI QUI;522;;;
A NÓS DESCEI    ;523;;ESPÍRITO SANTO;
A NÓS DESCEI;523;;;
TU QUE RENOVAS;524;;;
T'INVOCHIAMO SPIRITO    ;525;;ESPÍRITO SANTO;
T'INVOCHIAMO SPIRITO;525;;;
SI EL ESPIRITU;526;;ANIMAÇÃO;D
SI EL ESPIRITU;526;;;
ESTE É O DIA;527;;ENTRADA;
ESTE É O DIA;527;;;
EL ESPIRITU DE DIOS    ;528;;ESPÍRITO SANTO;
EL ESPIRITU DE DIOS;528;;;
ENSEÑAME;529;;;
VIENS SEIGNEUR;530;;;
COMO CORRE UN RIO;531;;ANIMAÇÃO;D
COMO CORRE UN RIO;531;;;
LOUVOR E GLÓRIA A TI SENHOR (CF 2003)    ;532;;QUARESMA;
LOUVOR E GLÓRIA A TI SENHOR (CF 2003);532;;;
ELE È EXALTADO;533;;ADORAÇÃO;
ELE È EXALTADO;533;;LOUVOR ADORAÇÃO;
ELE È EXALTADO;533;;;
VIENS ESPRIT DE PAIX    ;534;;ESPÍRITO SANTO;
VIENS ESPRIT DE PAIX;534;;;
TU ÉS O SANTO;535;;AÇÃO DE GRAÇAS;
TU ÉS O SANTO;535;;LOUVOR ADORAÇÃO;
TU ÉS O SANTO;535;;;
ME HAN ABLADO;536;;;
MÃOS NA TERRA;537;;OFERTÓRIO;
MÃOS  NA TERRA;537;;;
LA UNICA RAZÓN;538;;ANIMAÇÃO;
LA UNICA RAZON;538;;;
TOMADO PELA MÃO;539;;FINAL;
TOMADO PELA MÃO;539;;;
VEJO MUDAR;540;;;
TIRO LIRO;541;;ANIMAÇÃO;G
TIRO LIRO;541;;;
ALELUYA YO SERÉ TU DIOS;542;;ALELUIA;
ALELUYA YO SERÉ TU DIOS;542;;;
ALELUIA AO REDENTOR;543;;ALELUIA;
ALELUIA AO REDENTOR;543;;;
DEUS NOS TRATA;544;;AÇÃO DE GRAÇAS;
DEUS NOS TRATA;544;;;
CRISTO RESSUSCITADO;545;;LOUVOR ADORAÇÃO;
CRISTO RESSUSCITADO;545;;;
GLÓRIA ALELUIA;546;;GLÓRIA;
GLÓRIA ALELUIA;546;;;
É TÃO LINDA A VIDA;547;;;
SENHOR O TEU AMOR É GRANDE;548;;ADORAÇÃO;
SENHOR O TEU AMOR É GRANDE;548;;ADORAÇÃO;
SENHOR O TEU AMOR É GRANDE;548;;;
MISSÃO É PARTIR;549;;MISSÃO;
MISSÃO É PARTIR;549;;;
EU ENTRAREI NA TENDA;550;;;
ABENÇOA SENHOR (cada um);551;;OFERTÓRIO;
ABENÇOA SENHOR (cada um);551;;;
LODE E GLORIA A TE SIGNORE GESÚ    ;552;;QUARESMA;
LODE E GLORIA A TE SIGNORE GESÚ;552;;;
LOUVAI A DEUS LOUVAI;553;;LOUVOR;
LOUVAI A DEUS LOUVAI;553;;;
QUANDO OS PÉS;554;;;
AVE AVE AVE MARIA;555;;MARIA;D
AVE AVE AVE MARIA;555;;;
OBRIGADO SENHOR (Tua presença conduz);556;;AGRADECIMENTO;
OBRIGADO SENHOR (Tua presença conduz);556;;REFRÕES;
OBRIGADO SENHOR (Tua presença conduz);556;;PARA BÊNÇÃO;
OBRIGADO SENHOR (Tua presença conduz);556;;;
ALELUIA POR QUE PROCURASTES;557;;ALELUIA;
ALELUIA POR QUE PROCURASTES;557;;;
MEU JESUS SALVADOR;558;;ADORAÇÃO;
MEU JESUS SALVADOR;558;;LOUVOR ADORAÇÃO;
MEU JESUS SALVADOR;558;;;
TU ABRISTE OS TEUS BRAÇOS;559;;AÇÃO DE GRAÇAS;
TU ABRISTE OS TEUS BRAÇOS;559;;;
SENHOR PIEDADE (GEN);560;;PERDÃO;
SENHOR PIEDADE (GEN);560;;;
CRISTO QUER FAZER EM MIM;561;;ENTRADA;
CRISTO QUER FAZER EM MIM;561;;ANIMAÇÃO;
CRISTO QUER FAZER EM MIM;561;;;
JESUS NOSSO SENHOR;562;;ADORAÇÃO;
JESUS NOSSO SENHOR;562;;;
POR TUDO QUE TEM FEITO;563;;AGRADECIMENTO;
POR TUDO QUE TEM FEITO;563;;;
LA MIA ANIMA CANTA;564;;AÇÃO DE GRAÇAS;
LA MIA ANIMA CANTA;564;;;
ANCHE OGGI O SIGNORE;565;;OFERTÓRIO;
ANCHE OGGI O SIGNORE;565;;AÇÃO DE GRAÇAS;
ANCHE OGGI O SIGNORE;565;;;
A TE PIEDS O DIVIN ROI;566;;OFERTÓRIO;
A TE PIEDS O DIVIN ROI;566;;;
BOM É O SENHOR;567;;ENTRADA;
BOM É O SENHOR;567;;;
ALLA TUA PRESENZA;568;;ENTRADA;
ALLA TUA PRESENZA;568;;LOUVOR;
ALLA TUA PRESENZA;568;;ANIMAÇÃO;F
ALLA TUA PRESENZA;568;;;
CON UN CUORE SOLO;569;;AÇÃO DE GRAÇAS;
CON UN CUORE SOLO;569;;TRINDADE;F
CON UN CUORE SOLO;569;;;
MANDA TEUS ANJOS;570;;;
ESTAMOS AQUI SENHOR AOS TEUS PÉS;571;;;
UMA VIDA NOVA EM CRISTO;572;;ENTRADA;
UMA VIDA NOVA EM CRISTO;572;;ANIMAÇÃO;
UMA VIDA NOVA EM CRISTO;572;;;
CRISTO È RISORTO VERAMENTE;573;;ENTRADA;
CRISTO È RISORTO VERAMENTE;573;;AÇÃO DE GRAÇAS;
CRISTO È RISORTO VERAMENTE;573;;;
JESUS É SENHOR;574;;ADORAÇÃO;
JESUS É SENHOR;574;;LOUVOR ADORAÇÃO;
JESUS É SENHOR;574;;;
LINGUAS DIFERENTES;575;;MISSÃO;
LINGUAS DIFERENTES;575;;;
QUEM PERDE A SUA VIDA;576;;AÇÃO DE GRAÇAS;
QUEM PERDE A SUA VIDA;576;;;
ALLELUIA CHRIST EST VIVANT;577;;ALELUIA;
ALLELUIA CHRIST EST VIVANT;577;;;
ALELUIA ESTA TUA PALAVRA;578;;ALELUIA;
ALELUIA ESTA TUA PALAVRA;578;;;
EIS-NOS Ó SENHOR;579;;OFERTÓRIO;
EIS-NOS Ó SENHOR;579;;;
ME LEVANTARÉ;580;;ENTRADA;
ME LEVANTARÉ;580;;MISSÃO;A
ME LEVANTARÉ;580;;;
BOM DEMAIS;581;;ANIMAÇÃO;E
BOM DEMAIS;581;;;
A GRANDE FESTA;582;;ANIMAÇÃO;G
A GRANDE FESTA;582;;;
ALEGRAI-VOS NO SENHOR;583;;;
MAGNIFICA L' ANIMA MIA IL SIGNORE;584;;MARIA;D
MAGNIFICA L' ANIMA MIA IL SIGNORE;584;;;
SPIRITO DI DIO VIENI AMORE DEL PADRE    ;585;;ESPÍRITO SANTO;
SPIRITO DI DIO VIENI AMORE DEL PADRE;585;;;
MARANATHA (M. Draghi);586;;;
TU ES BENIE;587;;MARIA;Em
TU ES BENIE;587;;;
LAUDATO SII;588;;;
ALLELUIA ECCOMI;589;;ALELUIA;
ALLELUIA ECCOMI;589;;;
DIO AMA CHI DONA CON GIOIA;590;;OFERTÓRIO;
DIO AMA CHI DONA CON GIOIA;590;;;
JÁ É TEMPO DE AMAR;591;;AÇÃO DE GRAÇAS;
JÁ É TEMPO DE AMAR;591;;;
LOUONS DIEU;592;;;
AVE MARIA;593;;MARIA;
AVE MARIA (Elisa L.);593;Elisa Lisiero;;
EM TEUS ÁTRIOS;594;;LOUVOR;
EM TEUS ÁTRIOS;594;;ANIMAÇÃO;Em
EM TEUS ÁTRIOS;594;;;
QUERO VER VOCÊ VIR;595;;;
LEVANTO AS MÃOS;596;;LOUVOR ADORAÇÃO;
LEVANTO AS MÃOS;596;;;
SE EU CONHECESSE;597;;ANIMAÇÃO;Dm
SE EU CONHECESSE;597;;;
COMO É BOM A GENTE;598;;ENTRADA;
COMO É BOM A GENTE;598;;ANIMAÇÃO;
COMO É BOM A GENTE;598;;;
QUEM PODIA IMAGINAR;599;;COMUNHÃO;
QUEM PODIA IMAGINAR;599;;AÇÃO DE GRAÇAS;
QUEM PODIA IMAGINAR;599;;;
VEM SENHOR JESUS;600;;;
INVOCAMOS O TEU NOME;601;;INTERCESSÃO;
INVOCAMOS O TEU NOME;601;;;
IL N'Y A VRAIMENT;602;;ANIMAÇÃO;E
IL N'Y A VRAIMENT;602;;;
TODOS REUNIDOS;603;;ENTRADA;
O ESPÍRITO SANTO ESTA AQUI    ;603;;ESPÍRITO SANTO;
O ESPÍRITO SANTO ESTA AQUI;603;;;
MORREU PRA ME SALVAR;604;;ANIMAÇÃO;
MORREU PRA ME SALVAR;604;;;
GUEYE TATA;605;;ANIMAÇÃO;E
GUEYE TATA;605;;;
GLÓRIA A DEUS (GEN);606;;GLÓRIA;
GLÓRIA A DEUS (GEN);606;;;
BENEDIRÒ IL SIGNORE  (C. Medas);607;;FESTA;
BENEDIRÒ IL SIGNORE  (C. Medas);607;;AGRADECIMENTO;
BENEDIRÒ IL SIGNORE  (C. Medas);607;Clara Medas;;
CANTO LOUVORES;608;;GLÓRIA;
CANTO LOUVORES;608;;;
O LOUVOR O PODER;609;;AÇÃO DE GRAÇAS;
O LOUVOR O PODER;609;;LOUVOR ADORAÇÃO;
O LOUVOR O PODER;609;;;
OLHA SÓ QUEM VEM LÁ;610;;ANIMAÇÃO;A
OLHA SÓ QUEM VEM LÁ;610;;;
VINDE ESPÍRITO SANTO    ;611;;ESPÍRITO SANTO;
VINDE ESPÍRITO SANTO;611;;;
GRAZIE GRAZIE GRAZIE SIGNORE;612;;REFRÕES;
GRAZIE GRAZIE GRAZIE SIGNORE;612;;PARA BÊNÇÃO;
GRAZIE GRAZIE GRAZIE SIGNORE;612;;;
NO CORACÃO DE DEUS;613;;ENTRADA;
NO CORACÃO DE DEUS;613;;ANIMAÇÃO;E
NO CORACÃO DE DEUS;613;;;
MISERICÓRDIA (Senhor piedade);614;;PERDÃO;
MISERICÓRDIA (Senhor piedade);614;;;
MAGNIFICAT (Alexandre e Stefano);615;;MARIA;
MAGNIFICAT (Alexandre e Stefano);615;;;
Por Isso Eu Te Louvo;616;;ALELUIA;
POR ISSO EU TE LOUVO;616;;;
JESUS TU ES O NOSSO DEUS AMADO;617;;ADORAÇÃO;
JESUS TU ES O NOSSO DEUS AMADO;617;;;
DECLARAMOS;618;;ADORAÇÃO;
DECLARAMOS;618;;LOUVOR ADORAÇÃO;
DECLARAMOS;618;;;
ISTO É O QUE NÓS TEMOS;619;;OFERTÓRIO;
ISTO É O QUE NÓS TEMOS;619;;;
ADORAR;620;;ADORAÇÃO;
ADORAR;620;;REFRÕES;
ADORAR;620;;;
PROCLAMA MINH'ALMA;621;;AÇÃO DE GRAÇAS;
PROCLAMA MINH'ALMA;621;;MARIA;G
PROCLAMA MINH'ALMA;621;;;
SANTO ESPÍRITO SANTO    ;622;;ESPÍRITO SANTO;
SANTO ESPÍRITO SANTO;622;;;
CORDEIRO DE DEUS;623;;CORDEIRO DE DEUS;
CORDEIRO DE DEUS;623;;;
SÓ POR TI JESUS;624;;OFERTÓRIO;
SÓ POR TI JESUS;624;;AÇÃO DE GRAÇAS;
SÓ POR TI JESUS;624;;ADORAÇÃO;
SÓ POR TI JESUS;624;;LOUVOR ADORAÇÃO;
SÓ POR TI JESUS;624;;;
A COMEÇAR EM MIM;625;;PERDÃO;
A COMEÇAR EM MIM;625;;;
DEIXA-ME FICAR EM PAZ;626;;PALAVRA;
DEIXA-ME FICAR EM PAZ;626;;;
ERGUEI AS MÃOS;627;;ANIMAÇÃO;
ERGUEI AS MÃOS;627;;;
DIANTE DA TUA PRESENÇA;628;;OFERTÓRIO;
DIANTE DA TUA PRESENÇA;628;;AÇÃO DE GRAÇAS;
DIANTE DA TUA PRESENÇA;628;;ADORAÇÃO;
DIANTE DA TUA PRESENÇA;628;;;
SANTO (CMV 2010);629;;SANTO;
SANTO (CMV 2010);629;;;
EU ESPERO EM DEUS;630;;ADORAÇÃO;
EU ESPERO EM DEUS;630;;INTERCESSÃO;
EU ESPERO EM DEUS;630;;;
KOL RINA;631;;;
HINE MA TOV;632;;SALMO;
HINE MA TOV;632;;;
TE OFRECEMOS SEÑOR;633;;OFERTÓRIO;
TE OFRECEMOS SEÑOR;633;;;
BENDIZE Ó MINH'ALMA;634;;AÇÃO DE GRAÇAS;
BENDIZE Ó MINH'ALMA;634;;;
Em espírito e verdade;635;;ADORAÇÃO;
EM ESPÍRITO E VERDADE;635;;;
COMO SÃO BELOS OS PÉS DO MENSAGEIRO;636;;;
YO NO SOY NADA;637;;PERDÃO;
YO NO SOY NADA;637;;;
EXISTE UM TEMPO;638;;AÇÃO DE GRAÇAS;
EXISTE UM TEMPO;638;;;
SENHOR TU ÉS;639;;LOUVOR;
SENHOR TU ÉS;639;;ANIMAÇÃO;
SENHOR TU ÉS;639;;;
CUANDO UN NIÑO;640;;AÇÃO DE GRAÇAS;
CUANDO UN NIÑO;640;;MISSÃO;C
CUANDO UN NIÑO;640;;;
CONFIEMO-NOS AO SENHOR;641;;;
JESUS ESTÁ AQUI;642;;ADORAÇÃO;
JESUS ESTÁ AQUI;642;;LOUVOR ADORAÇÃO;
JESUS ESTÁ AQUI;642;;;
SENHOR AQUI ESTAMOS;643;;INTERCESSÃO;
SENHOR AQUI ESTAMOS;643;;;
VENHO SENHOR MINHA VIDA OFERECER;644;;OFERTÓRIO;
VENHO SENHOR MINHA VIDA OFERECER;644;;;
ALFA ÔMEGA;645;;;
NESTE DIA;646;;OFERTÓRIO;
NESTE DIA;646;;;
EM NOME DO PAI (Que nos criou);647;;ENTRADA;
EM NOME DO PAI (Que nos criou);647;;;
LODATE BENEDITE;648;;AÇÃO DE GRAÇAS;
LODATE BENEDITE;648;;ADORAÇÃO;
LODATE BENEDITE;648;;LOUVOR ADORAÇÃO;
LODATE BENEDITE;648;;;
DONNA DELL'ATTESA;649;;;
PADRE SORGENTE DI VITA;650;;REFRÕES;
PADRE SORGENTE DI VITA;650;;TRINDADE;G
PADRE SORGENTE DI VITA;650;;;
O QUE HÁ DE VERDADEIRO;651;;AÇÃO DE GRAÇAS;
O QUE HÁ DE VERDADEIRO;651;;ADORAÇÃO;
O QUE HÁ DE VERDADEIRO;651;;;
CRÉIO SÓ EM TI;652;;OFERTÓRIO;
CRÉIO SÓ EM TI;652;;INTERCESSÃO;
CRÉIO SÓ EM TI;652;;;
COMO TU SENHOR;653;;OFERTÓRIO;
COMO TU SENHOR;653;;;
MINHA ALMA GLORIFICA (Refrão jubileu);654;;AGRADECIMENTO;
MINHA ALMA GLORIFICA (Refrão jubileu);654;;LOUVOR ADORAÇÃO;
MINHA ALMA GLORIFICA (Refrão jubileu);654;;;
DIANTE DE TI (Abençoa teus filhos);655;;;
TODA MANHÃ;656;;AÇÃO DE GRAÇAS;
TODA MANHÃ;656;;AGRADECIMENTO;
TODA MANHÃ;656;;;
VENHA VIVER UMA GRANDE;657;;;
DEUS PAI EU ESTOU AQUI;658;;ENTRADA;
DEUS PAI EU ESTOU AQUI;658;;TRINDADE;C
DEUS PAI EU ESTOU AQUI;658;;ANIMAÇÃO;C
DEUS PAI EU ESTOU AQUI;658;;;
APLAUDI;659;;FINAL;
APLAUDI;659;;LOUVOR;
APLAUDI;659;;AGRADECIMENTO;
APLAUDI;659;;ANIMAÇÃO;G
APLAUDI;659;;PARA BÊNÇÃO;
APLAUDI;659;;;
PRESENÇA DE DEUS;660;;OFERTÓRIO;
PRESENÇA DE DEUS;660;;AÇÃO DE GRAÇAS;
PRESENÇA DE DEUS;660;;REFRÕES;
PRESENÇA DE DEUS;660;;TRINDADE;E
PRESENÇA DE DEUS;660;;;
AS MISERICÓRDIAS;661;;SALMO;
AS MISERICÓRDIAS;661;;FESTA;
AS MISERICÓRDIAS;661;;AGRADECIMENTO;
AS MISERICÓRDIAS;661;;;
VEM ESPÍRITO COM TUA PRECIOSA UNÇÃO    ;662;;ESPÍRITO SANTO;
VEM ESPÍRITO COM TUA PRECIOSA UNÇÃO;662;;;
TODOS REUNIDOS;663;;;
JESUS SALVA;664;;;
ABBA PAI;665;;REFRÕES;
ABBA PAI;665;;TRINDADE;C
ABBA PAI;665;;;
Ó LUZ DO SENHOR;666;;PALAVRA;
Ó LUZ DO SENHOR;666;;REFRÕES;
Ó LUZ DO SENHOR;666;;;
VEM ESPÍRITO SANTO VEM    ;667;;ESPÍRITO SANTO;
VEM ESPÍRITO SANTO VEM;667;;;
GLÓRIA (P. Motta);668;;FESTA;
GLÓRIA (P. Motta);668;;TRINDADE;G
GLÓRIA (P. Motta);668;;;
CANTIAMO IL NOSTRO GRAZIE;669;;FINAL;
CANTIAMO IL NOSTRO GRAZIE;669;;FESTA;
CANTIAMO IL NOSTRO GRAZIE;669;;AGRADECIMENTO;
CANTIAMO IL NOSTRO GRAZIE;669;;REFRÕES;
CANTIAMO IL NOSTRO GRAZIE;669;;;
INDO E VINDO;670;;;
O NOME DE JESUS É DOCE;671;;LOUVOR;
O NOME DE JESUS É DOCE;671;;;
LODE A TE SIGNORE GESÙ    ;672;;QUARESMA;
LODE A TE SIGNORE GESÙ;672;;;
EU ACREDITO NA JUVENTUDE;673;;ANIMAÇÃO;
EU ACREDITO NA JUVENTUDE;673;;;
LOUVAI AO SENHOR;674;;LOUVOR;
LOUVAI AO SENHOR;674;;AGRADECIMENTO;
LOUVAI AO SENHOR;674;;;
ECCOCI GESÙ;675;;OFERTÓRIO;
ECCOCI GESÙ;675;;;
CREDO IN UNUM DEUM;676;;AÇÃO DE GRAÇAS;
CREDO IN UNUM DEUM;676;;;
PADRE NOSTRO (Martellago);677;;PAI NOSSO;
PADRE NOSTRO (Martellago);677;;;
TU TOCASTE NOSSA VIDA;678;;ENTRADA;
TU TOCASTE NOSSA VIDA;678;;;
VEM, Ó JESUS;679;;;
PRESENÇA FORTE EM MIM;680;;AÇÃO DE GRAÇAS;
PRESENÇA FORTE EM MIM;680;;ADORAÇÃO;
PRESENÇA FORTE EM MIM;680;;;
AMÉM (GEN);681;;AMÉM;
AMÉM (GEN);681;;;
HÁ UMA ONDA;682;;AÇÃO DE GRAÇAS;
HÁ UMA ONDA;682;;;
QUAL A PAZ;683;;ANIMAÇÃO;
QUAL A PAZ;683;;;
DIO TRA NOI;684;;AÇÃO DE GRAÇAS;
DIO TRA NOI;684;;;
COMO A OVELHA PERDIDA;685;;;
MISERICÓRDIA;686;;PERDÃO;
MISERICÓRDIA;686;;;
HOJE É DIA DE CELEBRAÇÃO;687;;FESTA;
HOJE É DIA DE CELEBRAÇÃO;687;;AGRADECIMENTO;
HOJE É DIA DE CELEBRAÇÃO;687;;PARA BÊNÇÃO;
HOJE É DIA DE CELEBRAÇÃO;687;;;
ALELUIA (GEN);688;;ALELUIA;
ALELUIA (GEN);688;GEN;;
SOTTO LA TUA PROTEZIONE;689;;;
VIMOS SENHOR TE PEDIR;690;;PERDÃO;
VIMOS SENHOR TE PEDIR;690;;;
SENHOR, EU QUERO OBEDECER;691;;ENTRADA;
SENHOR, EU QUERO OBEDECER;691;;ANIMAÇÃO;G
SENHOR, EU QUERO OBEDECER;691;;;
EU VEJO O REI;692;;AÇÃO DE GRAÇAS;
EU VEJO O REI;692;;LOUVOR ADORAÇÃO;
EU VEJO O REI;692;;;
JESUS MARAVILHOSO;693;;ADORAÇÃO;
JESUS MARAVILHOSO;693;;LOUVOR ADORAÇÃO;
JESUS MARAVILHOSO;693;;;
ÉS TU ÚNICA RAZÃO;694;;FINAL;
ÉS TU ÚNICA RAZÃO;694;;LOUVOR;
ÉS TU ÚNICA RAZÃO;694;;ANIMAÇÃO;D
ÉS TU ÚNICA RAZÃO;694;;;
TE SEGUIREI;695;;AÇÃO DE GRAÇAS;
TE SEGUIREI  ;695;;QUARESMA;
TE SEGUIREI;695;;;
NÓS TE LOUVAMOS;696;;FINAL;
NÓS TE LOUVAMOS;696;;LOUVOR;
NÓS TE LOUVAMOS;696;;ANIMAÇÃO;
NÓS TE LOUVAMOS;696;;;
LODATE DIO POPOLI DEL MONDO;697;;AÇÃO DE GRAÇAS;
LODATE DIO POPOLI DEL MONDO;697;;LOUVOR ADORAÇÃO;
LODATE DIO POPOLI DEL MONDO;697;;REFRÕES;
LODATE DIO POPOLI DEL MONDO;697;;;
CHANTE O MON ÂME;698;;AÇÃO DE GRAÇAS;
CHANTE O MON ÂME;698;;LOUVOR ADORAÇÃO;
CHANTE O MON ÂME;698;;;
SPLENDI GESÙ;699;;FINAL;
SPLENDI GESÙ;699;;REFRÕES;
SPLENDI GESÙ;699;;;
POR CRISTO;700;;;
AMÉM GLÓRIA HOSANA;701;;AMÉM;
AMÉM GLÓRIA HOSANA;701;;;
AMÉM (SOLENE);702;;AMÉM;
AMÉM (SOLENE);702;;;
JESUS O TEU NOME;703;;ADORAÇÃO;
JESUS O TEU NOME;703;;LOUVOR ADORAÇÃO;
JESUS O TEU NOME;703;;;
BENIS-MOI;704;;AÇÃO DE GRAÇAS;
BENIS-MOI;704;;;
LOUVAREI A DEUS;705;;LOUVOR ADORAÇÃO;
LOUVAREI A DEUS;705;;;
ALELUIA (GIOSY CENTO);706;;ALELUIA;
ALELUIA (GIOSY CENTO);706;Giosy Cento;;
NOVO DIA SURGIU;707;;ENTRADA;
NOVO DIA SURGIU;707;;;
ENSINA-NOS O PAI;708;;REFRÕES;
ENSINA-NOS O PAI;708;;TRINDADE;
ENSINA-NOS O PAI;708;;;
EIS QUE FAZES NOVAS;709;;ENTRADA;
EIS QUE FAZES NOVAS;709;;;
TU CI HAI FATTI PER TE;710;;;
BUENO ES ALABAR OH SENHOR;711;;FINAL;
BUENO ES ALABAR OH SENHOR;711;;FESTA;
BUENO ES ALABAR OH SENHOR;711;;AGRADECIMENTO;
BUENO ES ALABAR OH SENHOR;711;;ANIMAÇÃO;G
BUENO ES ALABAR OH SENHOR;711;;;
JESUS (Magnabosco);712;;ADORAÇÃO;
JESUS (Magnabosco);712;;LOUVOR ADORAÇÃO;
JESUS (Magnabosco);712;;;
JESUS CHRIST;713;;AÇÃO DE GRAÇAS;
JESUS CHRIST;713;;ADORAÇÃO;
JESUS CHRIST;713;;;
LA VITA NUOVA NASCE GIÀ;714;;ANIMAÇÃO;
LA VITA NUOVA NASCE GIÀ;714;;;
SIAMO QUI;715;;ANIMAÇÃO;D
SIAMO QUI;715;;;
LA VITA É BELLA;716;;ANIMAÇÃO;
LA VITA É BELLA;716;;;
ANTES DO TEMPO;717;;AÇÃO DE GRAÇAS;
ANTES DO TEMPO;717;;;
JESUS A TI O LOUVOR;718;;ADORAÇÃO;
JESUS A TI O LOUVOR;718;;LOUVOR ADORAÇÃO;
JESUS A TI O LOUVOR;718;;;
MURO BIANCO CHISSÁ;719;;ANIMAÇÃO;
MURO BIANCO CHISSÁ;719;;;
POTENZA DEL TUO NOME;720;;AÇÃO DE GRAÇAS;
POTENZA DEL TUO NOME;720;;ADORAÇÃO;
POTENZA DEL TUO NOME;720;;;
PODER DA TUA CRUZ;721;;AÇÃO DE GRAÇAS;
PODER DA TUA CRUZ;721;;REFRÕES;
PODER DA TUA CRUZ  ;721;;QUARESMA;
PODER DA TUA CRUZ;721;;;
MARIA DIMORA VIVA;722;;MARIA;Em
MARIA DIMORA VIVA;722;;;
HAI ASCOLTATO O DIO;723;;AÇÃO DE GRAÇAS;
HAI ASCOLTATO O DIO;723;;;
DEUS É AMOR (Deus enviou);724;;AÇÃO DE GRAÇAS;
DEUS É AMOR (Deus enviou);724;;TRINDADE;
DEUS É AMOR (Deus enviou);724;;;
SANTO (Shalom);725;;SANTO;
SANTO (VIÇOSA);725;;;
Ó SENHOR ABENÇOA HOJE;726;;OFERTÓRIO;
Ó SENHOR ABENÇOA HOJE;726;;;
LIGHT OF THE WORLD;727;;AÇÃO DE GRAÇAS;
LIGHT OF THE WORLD;727;;;
SOLO TU SEI IL MIO PASTORE;728;;AÇÃO DE GRAÇAS;
SOLO TU SEI IL MIO PASTORE;728;;;
DESDE A AURORA;729;;AÇÃO DE GRAÇAS;
DESDE A AURORA;729;;;
POSSO TUDO POSSO;730;;AÇÃO DE GRAÇAS;
POSSO TUDO POSSO;730;;ADORAÇÃO;
POSSO TUDO POSSO;730;;INTERCESSÃO;
POSSO TUDO POSSO;730;;;
COMO A CORÇA ANSEIA;731;;AÇÃO DE GRAÇAS;
COMO A CORÇA ANSEIA;731;;;
TRINDADE AQUI ESTAMOS;732;;TRINDADE;A
TRINDADE AQUI ESTAMOS;732;;;
MON SEIGNEUR E MON DIEU;733;;AÇÃO DE GRAÇAS;
MON SEIGNEUR E MON DIEU;733;;;
YOU ARE MY WORLD;734;;AÇÃO DE GRAÇAS;
YOU ARE MY WORLD;734;;;
QUE A PAZ HABITE EM TUA CASA  (SL 122);735;;SALMO;
QUE A PAZ HABITE EM TUA CASA  (SL 122);735;;;
AVE MARIA GRATIA PLENA;736;;MARIA;D
AVE MARIA GRATIA PLENA;736;;;
MIO SIGNORE E MIO DIO;737;;REFRÕES;
MIO SIGNORE E MIO DIO;737;;;
ALLELUIA AMEN (YOPOUGON);738;;ALELUIA;
ALLELUIA AMEN (YOPOUGON);738;;;
ESPÍRITO SANTO DESCE SOBRE;739;;ESPÍRITO SANTO;
ESPÍRITO SANTO, DESCE SOBRE NÓS;739;;;
A NOSSA HISTÓRIA;740;;FINAL;
A NOSSA HISTÓRIA;740;;;
TODAS AS NAÇÕES;741;;ENTRADA;
TODAS AS NAÇÕES;741;;;
IL SIGNORE É VICINO;742;;;
ALELUIA BRILHA TUA LUZ;743;;ALELUIA;
ALELUIA BRILHA TUA LUZ;743;;;
GLÓRIA A DEUS (M. Draghi);744;;;
VEM Ó SENHOR VEM;745;;;
HÁ VUYA NAYO MHAMBA;746;;OFERTÓRIO;
HÁ VUYA NAYO MHAMBA;746;;;
INCOMU;747;;;
O SIGNORE DONAGLI;748;;INTERCESSÃO;
O SIGNORE DONAGLI;748;;;
CANTAREI AO SENHOR;749;;LOUVOR ADORAÇÃO;
CANTAREI AO SENHOR;749;;REFRÕES;
CANTAREI AO SENHOR;749;;;
DEUS É AMOR (arrisquemos viver);750;;;
GLÓRIA A DEUS NAS ALTURAS (Eliana Ribeiro);751;;;
GRANDE ÉS TU AMOR;752;;AÇÃO DE GRAÇAS;
GRANDE ÉS TU AMOR;752;;;
ALELUIA (Africa);753;;ALELUIA;
ALELUIA (Africa);753;;;
ALLELUIA KEMBO;754;;ALELUIA;
ALLELUIA KEMBO;754;;;
SANTO (M. Draghi);755;;SANTO;
SANTO (M. DRAGHI);755;;;
SAINT (Cmv Yopougon);756;;SANTO;
SAINT (Cmv Yopougon);756;;;
ALLELUIA SEI RISORTO;757;;ALELUIA;
ALLELUIA SEI RISORTO;757;;;
SHEMA' ISRAEL    ;758;;QUARESMA;
SHEMA' ISRAEL;758;;;
ALZA I TUOI OCCHI;759;;ENTRADA;
ALZA I TUOI OCCHI;759;;;
O REI DA GLÓRIA (Salmo 23);760;;SALMO;
O REI DA GLÓRIA (Salmo 23);760;;;
ESCUTA ISRAEL;761;;PALAVRA;
ESCUTA ISRAEL    ;761;;QUARESMA;
ESCUTA ISRAEL;761;;;
AGNUS DEI;762;;CORDEIRO DE DEUS;
AGNUS DEI;762;;;
SI SENHOR YO CREO;763;;;
PORQUE SEI QUE ESTÁS AQUI;764;;PERDÃO;
PORQUE SEI QUE ESTÁS AQUI;764;;INTERCESSÃO;
PORQUE SEI QUE ESTÁS AQUI;764;;;
TRINDADE QUEREMOS MOSTRAR;765;;TRINDADE;
TRINDADE QUEREMOS MOSTRAR;765;;;
AQUELE QUE VOS CHAMOU;766;;REFRÕES;
AQUELE QUE VOS CHAMOU;766;;;
GLÓRIA E LOUVOR (CF 2011)    ;767;;QUARESMA;
GLÓRIA E LOUVOR (CF 2011);767;;;
ESPÍRITO SANTO DE DEUS    ;768;;ESPÍRITO SANTO;
ESPÍRITO SANTO DE DEUS;768;;;
SIGNORE DA CHI ANDREMO;769;;AÇÃO DE GRAÇAS;
SIGNORE DA CHI ANDREMO;769;;;
PRESENÇA REAL;770;;AÇÃO DE GRAÇAS;
PRESENÇA REAL;770;;LOUVOR ADORAÇÃO;
PRESENÇA REAL;770;;;
BOM É LOUVAR;771;;ANIMAÇÃO;
BOM É LOUVAR;771;;;
BOM E AGRADÁVEL;772;;ENTRADA;
BOM E AGRADÁVEL;772;;;
SINGELA DOCE E PURA;773;;MARIA;
SINGELA DOCE E PURA;773;;;
EU QUERO SER DE DEUS;774;;FINAL;
EU QUERO SER DE DEUS;774;;ANIMAÇÃO;
EU QUERO SER DE DEUS;774;;;
LOUÉ SOIT DIEU;775;;MARIA;
LOUÉ SOIT DIEU;775;;;
CAMINHANDO NAS ESTRADAS;776;;ANIMAÇÃO;
CAMINHANDO NAS ESTRADAS;776;;;
TODO JOELHO SE DOBRARÁ;777;;AÇÃO DE GRAÇAS;
TODO JOELHO SE DOBRARÁ;777;;LOUVOR ADORAÇÃO;
TODO JOELHO SE DOBRARÁ;777;;;
È BELLO STAR CON TE;778;;AÇÃO DE GRAÇAS;
È BELLO STAR CON TE;778;;;
O HOMEM DEIXARÁ;779;;;
HÁ UMA CHUVA DE GRAÇA;780;;ANIMAÇÃO;
HÁ UMA CHUVA DE GRAÇA;780;;;
VENHO SENHOR ME OFERTAR;781;;OFERTÓRIO;
VENHO SENHOR ME OFERTAR;781;;;
TON GRAND AMOUR;782;;;
ABBÀ AVINU;783;;REFRÕES;
ABBÀ AVINU;783;;TRINDADE;
ABBÀ AVINU;783;;;
DE GLORIA EN GLORIA;784;;;
MARIA MÃE (Bruno L.);785;;MARIA;
MARIA MÃE (Bruno L.);785;;;
JE VEUX ME REJOUIR;786;;;
CRIAI EM MIM;787;;PERDÃO;
CRIAI EM MIM;787;;;
IO GRIDERÒ;788;;AÇÃO DE GRAÇAS;
ESPÍRITO SANTO DESCE SOBRE NÓS    ;788;;ESPÍRITO SANTO;
IO GRIDERÒ;788;;;
KYRIE ELÉISON;789;;PERDÃO;
KYRIE ELÉISON;789;;;
OUVE-SE NA TERRA;790;;ENTRADA;
OUVE-SE NA TERRA;790;;;
DESDE O VENTRE;791;;MISSÃO;
DESDE O VENTRE;791;;;
GLORIA ED ONORE;792;;FESTA;
GLORIA ED ONORE;792;;;
TAL COMO SOY;793;;OFERTÓRIO;
TAL COMO SOY;793;;;
UNA LUCE CHE RISCHIARA;794;;MISSÃO;
HALLEUJAH;794;;;
IO GRIDERÒ;795;;REFRÕES;
AGORA QUE CRISTO VIVE;795;;;
PADRE;796;;REFRÕES;
PADRE;796;;TRINDADE;
SANCTUS;796;;;
QUANDO A NOITE FRIA;797;;;
SANTO JMJ 2013;798;;;
HOJE O CÉU SE ABRE;799;;;
 ALELUIA (SHALOM);800;;ALELUIA;
CADA VEZ QUE COMEMOS;804;;COMUNHÃO;
CORDEIRO DE DEUS;806;;CORDEIRO DE DEUS;
Gioia;808;;FINAL;
SEI TU SIGNORE ;809;;OFERTÓRIO;
Ô JESUS DIGNE ES-TU;900;;AÇÃO DE GRAÇAS;
Ô JESUS DIGNE ES-TU;900;;LOUVOR ADORAÇÃO;
KYRIE ELEISON;900;;;
PRENDI SIGNOR DA QUESTE MANI;900;;;
HALLEUJAH;901;;AÇÃO DE GRAÇAS;
DEIXA QUE O TEU RIO;901;;;
SANTO (JAVA);901;;;
GIOIA (CMV);902;;FESTA;
GIOIA (CMV);902;;REFRÕES;
LASCIA CHE IL TUO FIUME;902;;;
FIN DALL'AURORA AL TRAMONTO;902;;;
ALELUIA (Com. Shalom);903;;ALELUIA;
A TU PRESENCIA;903;;;
EU CONFESSO A DEUS;903;;;
GRACIAS SEÑOR;904;;FESTA;
GRACIAS SEÑOR;904;;REFRÕES;
GRACIAS SEÑOR;904;;PARA BÊNÇÃO;
PUPURIHIN KITA;904;;;
ALELUIA;904;;;
AVE MARIA (Elisa E.);905;;MARIA;
OUVI-NOS SENHOR;905;;;
SIAMO FIGLI TUOI (Abbà Padre);905;;;
MARIA SIMPLESMENTE UM DOM;906;;MARIA;
ALLELUIA ACCLAMONS DIEU;906;;;
ALELUYA PERÚ;906;;;
DIEU DE GLOIRE;907;;AÇÃO DE GRAÇAS;
DIEU DE GLOIRE;907;;LOUVOR ADORAÇÃO;
CANTAI AO SENHOR DEUS;907;;;
NELLE TUE MANI;907;;;
MÃE DA COMUNIDADE;908;;MARIA;
Ô JÉSUS DIGNE ES-TU;908;;;
puPURIHIN KITA;909;;FINAL;
CAMINHÁVAMOS TRISTE;909;;;
SU QUESTO ALTARE;910;;OFERTÓRIO;
CRISTO MOVE AS MONTANHAS;910;;;
ELE VEIO PRA NOS DAR A SALVAÇÃO;911;;AÇÃO DE GRAÇAS;
CRISTO TE AMO;911;;;
EU ABRO AS PORTAS;912;;INTERCESSÃO;
LES CIEUX PROCLAMENT;912;;;
CADA VEZ QUE COMEMOS DESTE PÃO;913;;COMUNHÃO;
CADA VEZ QUE COMEMOS DESTE PÃO;913;;AÇÃO DE GRAÇAS;
NO TEU SILENCIO;913;;;
POR ISSO EU TE LOUVO;914;;LOUVOR;
POR ISSO EU TE LOUVO;914;;REFRÕES;
ESPIRITO SANTO, VINDE FALAR EM MIM;914;;;
SANCTUS;915;;SANTO;
SENHOR QUE VIESTES JMJ 2013;915;;;
TODOS REUNIDOS;916;;ANIMAÇÃO;
ALELUIA JMJ 2013;916;;;
SANTO (CMV 2010);917;;SANTO;
ESTOU AQUI;917;;;
REGINA CAELI;918;;ENTRADA;
TU ERES DIOS;918;;AÇÃO DE GRAÇAS;
É O AMOR DE DEUS;918;;;
REGINA CAELI;919;;MARIA;
PROCURO SEGURANÇA;919;;;
SANGUE DERRAMA NESTE ALTAR;920;;AÇÃO DE GRAÇAS;
ONDE ERA TRISTEZA;920;;;
TODOS ESTES DIAS;921;;;
A TUA GRAÇA;922;;FINAL;
A TUA GRAÇA;922;;ANIMAÇÃO;
ONDE ESTARÁ;922;;;
 MEU SENHOR E MEU DEUS;923;;ADORAÇÃO;
REUNIDOS PRA CELEBRAR;923;;;
APOS TE RECONHECER;924;;ADORAÇÃO;
SAI CHE UN SEME;924;;;
SONDA-ME SENHOR;925;;;
TU ÉS SANTO;926;;;
TÚ ES FONTE DE VIDA;927;;;
SENHOR CHAMASTE-ME;928;;;
DÁ-ME UM CORAÇÃO IGUAL AO TEU;929;;;
SANTO É O SENHOR;930;;;
DEUS QUER FALAR COMIGO;931;;;
ALELUIA LUZ PARA O MEU CAMINHO;932;;;
SEJAMOS UM PARA QUE O MUNDO CREIA;933;;;
MARVELOUS LIGHT;934;;;
SANTO ES EL SENÕR;935;;;
GLÓRIA JMJ 2013;936;;;
 PADRE NOSTRO SIAMO QUI;937;;AÇÃO DE GRAÇAS;
EU VOS ESCOLHI E VOS CHAMEI;937;;;
MOSTRAI-NOS;938;;;
VEM ESPÍRITO DE AMOR;939;;;
PRENDI SIGNOR DA QUESTE MANI;950;;OFERTÓRIO;
SANTO (JAVA);951;;SANTO;
FIN DALL'AURORA AL TRAMONTO;952;;ENTRADA;
EU CONFESSO A DEUS;953;;PERDÃO;
ALELUIA;954;;ALELUIA;
SIAMO FIGLI TUOI (Abbà Padre);955;;REFRÃO;
ALELUYA PERÚ;956;;ALELUIA;
NELLE TUE MANI;957;;OFERTÓRIO;
HOY SEÑOR;958;;PARA BÊNÇÃO;
AO SENHOR AGRADECEMOS, ALELUIA;959;;PARA BÊNÇÃO;
GLÓRIA, GLÓRIA A DEUS;960;;PARA BÊNÇÃO;
PAI ESCUTA A NOSSA ORAÇÃO;961;;INTERCESSÃO;
